If(false,1,"")	Number	Blank
If(true,"",1)	Text	""
If(false,true,"")	Boolean	Blank
If(false,1,"abc")	Number	Error(InvalidArgument)
If(false,1,"5")	Number	Number(5)
If(false,"",1)	Text	"1"
If(true,1,"")	Number	Number(1)
If(false,{a:1},{a:""})	{a:Number}	{a:Blank}
If(true,{a:""},{a:1})	{a:Text}	{a:""}
If(false,{a:1},{a:"x"})	{a:Number}	{a:Error(InvalidArgument)}
If(false,[{a:1}],[{a:""}])	Table{a:Number}	Table[{a:Blank}]
If(false,{a:{b:1}},{a:{b:""}})	{a:{b:Number}}	{a:{b:Blank}}
If(false,{a:true},{a:""})	{a:Boolean}	{a:Blank}
If(1<0,1,"",2)	Number	Blank
If(true,"",false,1)	Text	""
[{a:1},{a:""}]	Table{a:Number}	Table[{a:Number(1)},{a:Blank}]
[{a:""},{a:1}]	Table{a:Text}	Table[{a:""},{a:"1"}]
[{a:1},{a:"x"}]	Table{a:Number}	Table[{a:Number(1)},{a:Error(InvalidArgument)}]
[{a:true},{a:""}]	Table{a:Boolean}	Table[{a:true},{a:Blank}]
[{a:1,b:"s"},{a:"",b:2}]	Table{a:Number,b:Text}	Table[{a:Number(1),b:"s"},{a:Blank,b:"2"}]
[1,""]	Table{Value:Number}	Table[{Value:Number(1)},{Value:Blank}]
["",1]	Table{Value:Text}	Table[{Value:""},{Value:"1"}]
[true,""]	Table{Value:Boolean}	Table[{Value:true},{Value:Blank}]
["",true]	Table{Value:Text}	Table[{Value:""},{Value:"true"}]
[{a:{b:1}},{a:{b:""}}]	Table{a:{b:Number}}	Table[{a:{b:Number(1)}},{a:{b:Blank}}]
[{a:1},{b:""}]	Table{a:Number,b:Text}	Table[{a:Number(1),b:Blank},{a:Blank,b:""}]
If(false,{a:1},{a:"",b:2})	{a:Number,b:Number}	{a:Blank,b:Number(2)}
1+""	Number	Number(1)
Value("")	Number	Blank
If(false,Decimal(1),"")	Decimal	Blank
If(false,Float(1),"")	Number	Blank
[Decimal(1),""]	Table{Value:Decimal}	Table[{Value:Decimal(1)},{Value:Blank}]
[Float(1),""]	Table{Value:Number}	Table[{Value:Number(1)},{Value:Blank}]
[{a:Decimal(1)},{a:""}]	Table{a:Decimal}	Table[{a:Decimal(1)},{a:Blank}]
[{a:Float(1)},{a:""}]	Table{a:Number}	Table[{a:Number(1)},{a:Blank}]
If(false,{a:Decimal(1)},{a:""})	{a:Decimal}	{a:Blank}
With({x:""},If(false,1,x))	Number	Blank
With({x:""},[{a:1},{a:x}])	Table{a:Number}	Table[{a:Number(1)},{a:Blank}]
Filter([{a:1},{a:""}],a=0)	Table{a:Number}	Table[]
Filter([{a:1},{a:""}],IsBlank(a))	Table{a:Number}	Table[{a:Blank}]
First([{a:1},{a:""}]).a	Number	Number(1)
CountRows(Filter([{a:1},{a:""}],a=0))	Number	Number(0)
If(false,1,Blank())	Number	Blank
[{a:1},{a:Blank()}]	Table{a:Number}	Table[{a:Number(1)},{a:Blank}]
[1,Blank()]	Table{Value:Number}	Table[{Value:Number(1)},{Value:Blank}]
