Table({a:1},{a:""})	Table{a:Decimal}	Table[{a:Decimal(1)},{a:Blank}]
Table({a:""},{a:1})	Table{a:Text}	Table[{a:""},{a:"1"}]
Table({a:true},{a:""})	Table{a:Boolean}	Table[{a:true},{a:Blank}]
Table({a:1,b:"s"},{a:"",b:2})	Table{a:Decimal,b:Text}	Table[{a:Decimal(1),b:"s"},{a:Blank,b:"2"}]
Table({a:1},{b:""})	Table{a:Decimal,b:Text}	Table[{a:Decimal(1),b:Blank},{a:Blank,b:""}]
Table({a:1},{a:"x"})	Table{a:Decimal}	Table[{a:Decimal(1)},{a:Error(InvalidArgument)}]
Table({a:1},[{a:""}])	Table{a:Decimal}	Table[{a:Decimal(1)},{a:Blank}]
Table([{a:1}],[{a:""}])	Table{a:Decimal}	Table[{a:Decimal(1)},{a:Blank}]
Table([{a:1}],{a:""})	Table{a:Decimal}	Table[{a:Decimal(1)},{a:Blank}]
Table([{a:1},{a:2}],{a:""},[{a:""},{a:3}])	Table{a:Decimal}	Table[{a:Decimal(1)},{a:Decimal(2)},{a:Blank},{a:Blank},{a:Decimal(3)}]
Table({a:1},Blank(),{a:""})	Table{a:Decimal}	Table[{a:Decimal(1)},Blank,{a:Blank}]
Table({a:Decimal(1)},{a:""})	Table{a:Decimal}	Table[{a:Decimal(1)},{a:Blank}]
Table({a:Float(1)},{a:""})	Table{a:Number}	Table[{a:Number(1)},{a:Blank}]
Table({a:{b:1}},{a:{b:""}})	Table{a:{b:Decimal}}	Table[{a:{b:Decimal(1)}},{a:{b:Blank}}]
Table({a:[{b:1}]},{a:[{b:""}]})	Table{a:Table{b:Decimal}}	Table[{a:Table[{b:Decimal(1)}]},{a:Table[{b:Blank}]}]
[{a:[{b:1}]},{a:[{b:""}]}]	Table{a:Table{b:Decimal}}	Table[{a:Table[{b:Decimal(1)}]},{a:Table[{b:Blank}]}]
[{a:[{b:1}]},{a:[{b:"x"}]}]	Table{a:Table{b:Decimal}}	Table[{a:Table[{b:Decimal(1)}]},{a:Table[{b:Error(InvalidArgument)}]}]
[{a:[1]},{a:[""]}]	Table{a:Table{Value:Decimal}}	Table[{a:Table[{Value:Decimal(1)}]},{a:Table[{Value:Blank}]}]
If(false,{a:[{b:1}]},{a:[{b:""}]})	{a:Table{b:Decimal}}	{a:Table[{b:Blank}]}
Table({a:""},{a:1},{a:""})	Table{a:Text}	Table[{a:""},{a:"1"},{a:""}]
Table({a:1},{a:1/0},{a:""})	Table{a:Decimal}	Table[{a:Decimal(1)},{a:Error(Div0)},{a:Blank}]
[{a:1},{a:1/0},{a:""}]	Table{a:Decimal}	Table[{a:Decimal(1)},{a:Error(Div0)},{a:Blank}]
Table({a:"" })	Table{a:Text}	Table[{a:""}]
Table([{a:""}])	Table{a:Text}	Table[{a:""}]
If(false,{a:[{b:1}]},{a:[{b:""}]}).a	Table{b:Decimal}	Table[{b:Blank}]
CountRows(Table({a:1},{a:""}))	Decimal	Decimal(2)
First(Table({a:1},{a:""})).a	Decimal	Decimal(1)
LookUp(Table({a:1},{a:""}),a=0)	{a:Decimal}	Blank
